{"cameraMode":{"drawMode":0,"name":"Shaded","section":"Shading Mode"},"sceneLighting":true,"audioPlay":false,"sceneViewState":{"m_AlwaysRefresh":false,"showFog":true,"showSkybox":true,"showFlares":true,"showImageEffects":true,"showParticleSystems":true,"showVisualEffectGraphs":true,"m_FxEnabled":true},"in2DMode":false,"pivot":{"x":603.4544677734375,"y":329.8464050292969,"z":41.01719284057617},"rotation":{"x":-0.05178593844175339,"y":0.006088837515562773,"z":-0.0003146155795548111,"w":-0.9986485838890076},"size":422.83770751953127,"orthographic":false}