{"cameraMode":{"drawMode":0,"name":"Shaded","section":"Shading Mode"},"sceneLighting":true,"audioPlay":false,"sceneViewState":{"m_AlwaysRefresh":false,"showFog":true,"showSkybox":true,"showFlares":true,"showImageEffects":true,"showParticleSystems":true,"showVisualEffectGraphs":true,"m_FxEnabled":true},"in2DMode":false,"pivot":{"x":565.5953369140625,"y":329.76409912109377,"z":103.82656860351563},"rotation":{"x":-0.10063999146223068,"y":0.0010913849109783769,"z":-0.00010931403812719509,"w":-0.9949342012405396},"size":487.3185729980469,"orthographic":false}